DATE,temp_sodankyla,ref_temp,anomaly_diff,temp_helsinki,station_diff
1959-08,11.424731182795698,10.635752688172044,0.7889784946236542,16.965811965811966,-5.541080783016268
1959-09,3.7962962962962976,5.1194444444444445,-1.3231481481481469,8.812260536398465,-5.015964240102168
1959-10,-2.0161290322580645,-1.9184587813620073,-0.09767025089605719,4.767025089605734,-6.783154121863799
1959-11,-7.101851851851853,-7.987962962962963,0.8861111111111102,1.4074074074074063,-8.50925925925926
1959-12,-13.225806451612902,-13.147401433691755,-0.07840501792114729,-5.148148148148148,-8.077658303464755
1960-01,-19.121863799283155,-16.153424930306652,-2.968438868976502,-10.229885057471265,-8.89197874181189
1960-02,-18.429118773946357,-16.21924983275558,-2.209868941190777,-8.9272030651341,-9.501915708812257
1960-03,-7.177419354838709,-11.184289127837514,4.006869772998805,-4.587813620071684,-2.5896057347670247
1960-04,-1.2777777777777781,-4.104938271604938,2.82716049382716,1.8518518518518532,-3.1296296296296315
1960-05,7.3835125448028665,3.3213859020310625,4.062126642771804,10.98148148148148,-3.5979689366786127
1960-06,11.185185185185185,10.246101364522417,0.9390838206627681,16.277777777777775,-5.09259259259259
1960-07,16.962365591397848,12.944727409922656,4.017638181475192,18.06513409961686,-1.102768508219011
1960-08,11.998207885304657,10.635752688172044,1.362455197132613,15.10752688172043,-3.109318996415773
1960-09,5.888888888888889,5.1194444444444445,0.7694444444444448,10.111111111111112,-4.222222222222223
1960-10,-6.505376344086022,-1.9184587813620073,-4.586917562724015,3.27956989247312,-9.784946236559142
1960-11,-10.268518518518519,-7.987962962962963,-2.280555555555556,-0.6851851851851857,-9.583333333333334
1960-12,-11.863799283154123,-13.147401433691755,1.2836021505376323,-0.322580645161291,-11.54121863799283
1961-01,-11.18279569892473,-16.153424930306652,4.970629231381922,-3.648148148148148,-7.534647550776582
1961-02,-12.688492063492063,-16.21924983275558,3.5307577692635164,-0.3571428571428569,-12.331349206349206
1961-03,-8.306451612903226,-11.184289127837514,2.8778375149342885,0.358422939068102,-8.664874551971328
1961-04,-6.601851851851851,-4.104938271604938,-2.496913580246913,2.62962962962963,-9.231481481481481
1961-05,2.7688172043010755,3.3213859020310625,-0.5525686977299871,9.892473118279568,-7.123655913978492
1961-06,13.481481481481481,10.246101364522417,3.235380116959064,17.0,-3.518518518518519
1961-07,14.775985663082436,12.944727409922656,1.8312582531597794,15.86021505376344,-1.0842293906810045
1961-08,10.752688172043008,10.635752688172044,0.11693548387096442,14.175627240143369,-3.4229390681003604
1961-09,6.046296296296296,5.1194444444444445,0.9268518518518514,9.72222222222222,-3.675925925925924
1961-10,4.9551971326164885,-1.9184587813620073,6.873655913978496,8.655913978494622,-3.7007168458781337
1961-11,-4.018518518518519,-7.987962962962963,3.969444444444444,1.722222222222223,-5.740740740740742
1961-12,-14.946236559139784,-13.147401433691755,-1.7988351254480293,-5.07168458781362,-9.874551971326163
1962-01,-15.421146953405017,-16.153424930306652,0.732277976901635,-3.655913978494624,-11.765232974910393
1962-02,-12.748015873015872,-16.21924983275558,3.471233959739708,-5.198412698412699,-7.549603174603173
1962-03,-18.664874551971323,-11.184289127837514,-7.480585424133809,-7.491039426523297,-11.173835125448026
1962-04,-1.2037037037037044,-4.104938271604938,2.901234567901234,3.777777777777776,-4.98148148148148
1962-05,3.0734767025089598,3.3213859020310625,-0.24790919952210277,8.584229390681005,-5.510752688172045
1962-06,8.416666666666666,10.246101364522417,-1.829434697855751,12.037037037037036,-3.6203703703703702
1962-07,10.268817204301076,12.944727409922656,-2.67591020562158,14.623655913978492,-4.354838709677416
1962-08,8.5663082437276,10.635752688172044,-2.0694444444444446,13.02867383512545,-4.46236559139785
1962-09,5.148148148148148,5.1194444444444445,0.028703703703703454,9.37037037037037,-4.222222222222222
1962-10,-1.5053763440860222,-1.9184587813620073,0.41308243727598515,6.792114695340502,-8.297491039426525
1962-11,-4.018518518518519,-7.987962962962963,3.969444444444444,1.5000000000000016,-5.518518518518521
1962-12,-18.055555555555554,-13.147401433691755,-4.908154121863799,-6.810035842293907,-11.245519713261647
1963-01,-18.14516129032258,-16.153424930306652,-1.9917363600159277,-9.892473118279568,-8.252688172043012
1963-02,-18.134920634920636,-16.21924983275558,-1.9156708021650566,-10.833333333333334,-7.301587301587302
1963-03,-15.815412186379929,-11.184289127837514,-4.631123058542414,-8.727598566308243,-7.087813620071685
1963-04,-2.240740740740742,-4.104938271604938,1.8641975308641965,2.8148148148148167,-5.055555555555559
1963-05,9.6505376344086,3.3213859020310625,6.329151732377538,13.207885304659497,-3.5573476702508966
1963-06,8.287037037037036,10.246101364522417,-1.9590643274853807,14.827586206896552,-6.540549169859515
1963-07,12.240143369175627,12.944727409922656,-0.7045840407470294,16.881720430107528,-4.641577060931901
1963-08,11.362007168458781,10.635752688172044,0.7262544802867374,16.344086021505376,-4.982078853046595
1963-09,7.953703703703705,5.1194444444444445,2.8342592592592606,12.62962962962963,-4.675925925925925
1963-10,0.16129032258064452,-1.9184587813620073,2.079749103942652,6.021505376344084,-5.86021505376344
1963-11,-7.314814814814815,-7.987962962962963,0.6731481481481483,-0.1851851851851845,-7.129629629629631
1963-12,-13.70967741935484,-13.147401433691755,-0.562275985663085,-4.13978494623656,-9.56989247311828
1964-01,-9.668458781362007,-16.153424930306652,6.484966148944645,,
1964-02,-17.29885057471264,-16.21924983275558,-1.0796007419570621,,
1964-03,-10.75268817204301,-11.184289127837514,0.4316009557945044,,
1964-04,-4.351851851851851,-4.104938271604938,-0.2469135802469129,,
1964-05,4.928315412186378,3.3213859020310625,1.6069295101553154,,
1964-06,9.305555555555555,10.246101364522417,-0.9405458089668617,,
1964-07,13.45878136200717,12.944727409922656,0.5140539520845131,,
1964-08,10.833333333333334,10.635752688172044,0.19758064516129004,,
1964-09,4.500000000000001,5.1194444444444445,-0.6194444444444436,,
1964-10,2.186379928315413,-1.9184587813620073,4.10483870967742,,
1964-11,-9.61111111111111,-7.987962962962963,-1.6231481481481476,,
1964-12,-12.697132616487455,-13.147401433691755,0.4502688172043001,,
1965-01,-13.503584229390679,-16.153424930306652,2.6498407009159735,,
1965-02,-14.047619047619047,-16.21924983275558,2.171630785136532,,
1965-03,-13.530465949820789,-11.184289127837514,-2.346176821983274,,
1965-04,-3.574074074074074,-4.104938271604938,0.5308641975308643,,
1965-05,0.4569892473118268,3.3213859020310625,-2.864396654719236,,
1965-06,9.833333333333334,10.246101364522417,-0.4127680311890831,,
1965-07,10.878136200716844,12.944727409922656,-2.0665912092058125,,
1965-08,9.775985663082436,10.635752688172044,-0.8597670250896083,,
1965-09,6.25,5.1194444444444445,1.1305555555555555,,
1965-10,-1.9534050179211466,-1.9184587813620073,-0.03494623655913931,,
1965-11,-12.0,-7.987962962962963,-4.012037037037037,,
1965-12,-15.994623655913978,-13.147401433691755,-2.847222222222223,,
1966-01,-22.01612903225806,-16.153424930306652,-5.862704101951408,,
1966-02,-24.414682539682538,-16.21924983275558,-8.195432706926958,,
1966-03,-17.598566308243726,-11.184289127837514,-6.414277180406211,,
1966-04,-5.601851851851851,-4.104938271604938,-1.496913580246913,,
1966-05,2.8763440860215064,3.3213859020310625,-0.44504181600955617,,
1966-06,11.592592592592593,10.246101364522417,1.3464912280701764,,
1966-07,13.243727598566306,12.944727409922656,0.2990001886436495,,
1966-08,9.31899641577061,10.635752688172044,-1.3167562724014346,,
1966-09,3.0185185185185164,5.1194444444444445,-2.100925925925928,,
1966-10,-4.202508960573478,-1.9184587813620073,-2.2840501792114702,,
1966-11,-5.546296296296297,-7.987962962962963,2.4416666666666664,,
1966-12,-11.29032258064516,-13.147401433691755,1.8570788530465947,,
1967-01,-22.105734767025087,-16.153424930306652,-5.952309836718435,,
1967-02,-10.813492063492063,-16.21924983275558,5.405757769263516,,
1967-03,-5.026881720430107,-11.184289127837514,6.157407407407407,,
1967-04,-2.712962962962963,-4.104938271604938,1.3919753086419755,,
1967-05,3.3422939068100357,3.3213859020310625,0.020908004778973144,,
1967-06,9.712962962962964,10.246101364522417,-0.5331384015594534,,
1967-07,13.154121863799284,12.944727409922656,0.20939445387662836,,
1967-08,13.261648745519711,10.635752688172044,2.625896057347667,,
1967-09,7.092592592592592,5.1194444444444445,1.9731481481481472,,
1967-10,-0.7078853046594978,-1.9184587813620073,1.2105734767025096,,
1967-11,-1.6111111111111103,-7.987962962962963,6.376851851851853,,
1967-12,-20.125448028673834,-13.147401433691755,-6.978046594982079,,
1968-01,-19.49820788530466,-16.153424930306652,-3.3447829549980064,,
1968-02,-17.231800766283524,-16.21924983275558,-1.012550933527944,,
1968-03,-9.722222222222221,-11.184289127837514,1.462066905615293,,
1968-04,-4.342592592592593,-4.104938271604938,-0.23765432098765427,,
1968-05,0.19713261648745353,3.3213859020310625,-3.124253285543609,,
1968-06,10.472222222222223,10.246101364522417,0.22612085769980617,,
1968-07,9.883512544802867,12.944727409922656,-3.061214865119789,,
1968-08,9.399641577060933,10.635752688172044,-1.2361111111111107,,
1968-09,2.564814814814815,5.1194444444444445,-2.5546296296296296,,
1968-10,-7.589605734767025,-1.9184587813620073,-5.671146953405017,,
1968-11,-7.333333333333333,-7.987962962962963,0.6546296296296301,,
1968-12,-7.410394265232975,-13.147401433691755,5.73700716845878,,
1969-01,-15.385304659498209,-16.153424930306652,0.7681202708084438,,
1969-02,-18.253968253968253,-16.21924983275558,-2.0347184212126734,,
1969-03,-12.195340501792115,-11.184289127837514,-1.0110513739546008,,
1969-04,-4.888888888888889,-4.104938271604938,-0.783950617283951,,
1969-05,0.9677419354838711,3.3213859020310625,-2.3536439665471915,,
1969-06,8.796296296296298,10.246101364522417,-1.4498050682261194,,
1969-07,12.741935483870968,12.944727409922656,-0.20279192605168816,,
1969-08,11.048387096774196,10.635752688172044,0.41263440860215184,,
1969-09,4.444444444444445,5.1194444444444445,-0.6749999999999998,,
1969-10,-0.28673835125448005,-1.9184587813620073,1.6317204301075272,,
1969-11,-7.842592592592593,-7.987962962962963,0.1453703703703706,,
1969-12,-11.702508960573475,-13.147401433691755,1.44489247311828,,
1970-01,-15.7168458781362,-16.153424930306652,0.4365790521704529,,
1970-02,-21.01190476190476,-16.21924983275558,-4.79265492914918,,
1970-03,-7.21326164874552,-11.184289127837514,3.971027479091995,,
1970-04,-6.824074074074074,-4.104938271604938,-2.719135802469136,,
1970-05,2.670250896057347,3.3213859020310625,-0.6511350059737158,,
1970-06,12.73148148148148,10.246101364522417,2.485380116959062,,
1970-07,14.973118279569892,12.944727409922656,2.028390869647236,,
1970-08,11.182795698924734,10.635752688172044,0.5470430107526898,,
1970-09,5.499999999999999,5.1194444444444445,0.38055555555555465,,
1970-10,-0.5913978494623665,-1.9184587813620073,1.327060931899641,,
1970-11,-9.527777777777777,-7.987962962962963,-1.5398148148148136,,
1970-12,-11.729390681003585,-13.147401433691755,1.4180107526881702,,
1971-01,-14.408602150537636,-16.153424930306652,1.7448227797690166,,
1971-02,-17.57936507936508,-16.21924983275558,-1.3601152466094995,,
1971-03,-16.370967741935484,-11.184289127837514,-5.1866786140979695,,
1971-04,-7.370370370370369,-4.104938271604938,-3.265432098765431,,
1971-05,1.6218637992831553,3.3213859020310625,-1.6995221027479073,,
1971-06,8.685185185185185,10.246101364522417,-1.560916179337232,,
1971-07,12.06989247311828,12.944727409922656,-0.8748349368043762,,
1971-08,10.905017921146955,10.635752688172044,0.26926523297491123,,
1971-09,4.00925925925926,5.1194444444444445,-1.110185185185184,,
1971-10,-2.822580645161291,-1.9184587813620073,-0.9041218637992836,,
1971-11,-13.472222222222221,-7.987962962962963,-5.484259259259258,,
1971-12,-11.4336917562724,-13.147401433691755,1.713709677419354,,
1972-01,-10.96774193548387,-16.153424930306652,5.185682994822782,,
1972-02,-13.409961685823754,-16.21924983275558,2.8092881469318254,,
1972-03,-7.553763440860215,-11.184289127837514,3.6305256869772995,,
1972-04,-3.037037037037036,-4.104938271604938,1.0679012345679024,,
1972-05,2.249103942652329,3.3213859020310625,-1.0722819593787336,,
1972-06,12.472222222222223,10.246101364522417,2.226120857699806,,
1972-07,16.227598566308245,12.944727409922656,3.282871156385589,,
1972-08,11.702508960573475,10.635752688172044,1.066756272401431,,
1972-09,4.962962962962961,5.1194444444444445,-0.15648148148148344,,
1972-10,-1.1021505376344087,-1.9184587813620073,0.8163082437275986,,
1972-11,-9.722222222222221,-7.987962962962963,-1.7342592592592583,,
1972-12,-4.35483870967742,-13.147401433691755,8.792562724014335,,
1975-06,8.268518518518517,10.246101364522417,-1.9775828460038998,13.666666666666668,-5.398148148148151
1975-07,11.46057347670251,12.944727409922656,-1.4841539332201457,17.706093189964154,-6.245519713261643
1975-08,9.310035842293907,10.635752688172044,-1.3257168458781372,16.36200716845878,-7.051971326164875
1975-09,6.351851851851849,5.1194444444444445,1.232407407407405,12.870370370370368,-6.518518518518519
1975-10,-0.7078853046594978,-1.9184587813620073,1.2105734767025096,4.820788530465951,-5.528673835125448
1975-11,-6.425925925925926,-7.987962962962963,1.5620370370370376,1.1666666666666674,-7.5925925925925934
1975-12,-14.059139784946236,-13.147401433691755,-0.9117383512544812,-1.863799283154122,-12.195340501792113
1976-01,-19.023297491039425,-16.153424930306652,-2.869872560732773,-9.946236559139784,-9.077060931899641
1976-02,-12.27969348659004,-16.21924983275558,3.9395563461655403,-7.107279693486589,-5.17241379310345
1976-03,-11.38888888888889,-11.184289127837514,-0.20459976105137478,-4.820788530465949,-6.5681003584229405
1976-04,-3.1574074074074074,-4.104938271604938,0.9475308641975309,2.1111111111111094,-5.268518518518517
1976-05,5.035842293906809,3.3213859020310625,1.7144563918757463,11.200716845878135,-6.164874551971327
1976-06,8.083333333333332,10.246101364522417,-2.162768031189085,12.88888888888889,-4.805555555555557
1976-07,12.186379928315413,12.944727409922656,-0.7583474816072435,15.734767025089605,-3.548387096774192
1976-08,10.86021505376344,10.635752688172044,0.2244623655913962,15.358422939068102,-4.498207885304662
1976-09,2.768518518518519,5.1194444444444445,-2.3509259259259254,8.185185185185185,-5.416666666666666
1976-10,-3.754480286738351,-1.9184587813620073,-1.8360215053763436,1.7025089605734756,-5.456989247311826
1976-11,-9.75,-7.987962962962963,-1.7620370370370368,0.740740740740742,-10.490740740740742
1976-12,-12.186379928315413,-13.147401433691755,0.9610215053763422,-4.318996415770608,-7.867383512544804
1977-01,-14.094982078853047,-16.153424930306652,2.0584428514536057,-6.451612903225806,-7.643369175627241
1977-02,-14.871031746031745,-16.21924983275558,1.3482180867238345,-8.908730158730158,-5.962301587301587
1977-03,-10.851254480286737,-11.184289127837514,0.33303464755077705,-2.168458781362007,-8.68279569892473
1977-04,-4.0740740740740735,-4.104938271604938,0.03086419753086478,1.759259259259258,-5.833333333333331
1977-05,1.9175627240143376,3.3213859020310625,-1.403823178016725,9.534050179211471,-7.6164874551971335
1977-06,8.675925925925926,10.246101364522417,-1.5701754385964914,14.333333333333332,-5.6574074074074066
1977-07,12.939068100358423,12.944727409922656,-0.005659309564233439,14.85663082437276,-1.9175627240143367
1977-08,9.829749103942653,10.635752688172044,-0.8060035842293907,14.695340501792115,-4.865591397849462
1977-09,4.342592592592594,5.1194444444444445,-0.7768518518518501,8.351851851851851,-4.009259259259257
1977-10,-3.28853046594982,-1.9184587813620073,-1.3700716845878125,5.3584229390681015,-8.646953405017921
1977-11,-6.203703703703704,-7.987962962962963,1.784259259259259,1.7407407407407405,-7.944444444444445
1977-12,-12.123655913978492,-13.147401433691755,1.0237455197132626,-3.799283154121864,-8.324372759856628
1978-01,-15.555555555555555,-16.153424930306652,0.597869374751097,-5.806451612903227,-9.74910394265233
1978-02,-16.567460317460316,-16.21924983275558,-0.3482104847047367,-11.38888888888889,-5.178571428571427
1978-03,-8.906810035842293,-11.184289127837514,2.2774790919952217,-2.616487455197133,-6.29032258064516
1978-04,-5.333333333333334,-4.104938271604938,-1.2283950617283956,2.1666666666666656,-7.5
1978-05,3.4229390681003595,3.3213859020310625,0.10155316606929699,10.663082437275987,-7.240143369175628
1978-06,9.759259259259261,10.246101364522417,-0.48684210526315574,14.666666666666666,-4.907407407407405
1978-07,12.105734767025089,12.944727409922656,-0.8389926428975674,15.125448028673835,-3.0197132616487465
1978-08,9.229390681003583,10.635752688172044,-1.406362007168461,13.548387096774196,-4.318996415770613
1978-09,5.62037037037037,5.1194444444444445,0.5009259259259258,8.38888888888889,-2.768518518518519
1978-10,-2.1326164874551976,-1.9184587813620073,-0.2141577060931903,3.960573476702511,-6.093189964157709
1978-11,-9.12962962962963,-7.987962962962963,-1.1416666666666666,2.000000000000001,-11.12962962962963
1978-12,-20.170250896057347,-13.147401433691755,-7.022849462365592,-12.759856630824371,-7.410394265232975
1979-01,-17.616487455197134,-16.153424930306652,-1.463062524890482,-8.655913978494624,-8.96057347670251
1979-02,-15.039682539682538,-16.21924983275558,1.1795672930730419,-9.88095238095238,-5.158730158730158
1979-03,-8.100358422939069,-11.184289127837514,3.083930704898446,-1.9892473118279577,-6.111111111111111
1979-04,-5.712962962962964,-4.104938271604938,-1.6080246913580254,1.685185185185184,-7.398148148148148
1979-05,4.71326164874552,3.3213859020310625,1.3918757467144571,10.555555555555555,-5.842293906810036
1979-06,11.101851851851853,10.246101364522417,0.8557504873294359,16.01851851851852,-4.916666666666666
1979-07,14.023297491039425,12.944727409922656,1.0785700811167693,14.838709677419356,-0.8154121863799304
1979-08,11.872759856630822,10.635752688172044,1.2370071684587778,16.093189964157705,-4.220430107526884
1979-09,6.287037037037039,5.1194444444444445,1.1675925925925945,9.574074074074074,-3.2870370370370354
1979-10,-4.077060931899642,-1.9184587813620073,-2.158602150537635,3.906810035842293,-7.983870967741935
1979-11,-6.749999999999999,-7.987962962962963,1.237962962962964,1.3888888888888888,-8.138888888888888
1979-12,-9.946236559139784,-13.147401433691755,3.2011648745519707,-3.817204301075269,-6.129032258064515
1980-01,-17.329749103942653,-16.153424930306652,-1.1763241736360008,-8.835125448028673,-8.49462365591398
1980-02,-17.126436781609193,-16.21924983275558,-0.9071869488536137,-8.275862068965518,-8.850574712643676
1980-03,-12.1415770609319,-11.184289127837514,-0.9572879330943849,-6.164874551971327,-5.976702508960573
1980-04,-1.5833333333333341,-4.104938271604938,2.5216049382716044,4.777777777777779,-6.3611111111111125
1980-05,2.508960573476702,3.3213859020310625,-0.8124253285543603,7.1505376344086,-4.641577060931898
1980-06,13.814814814814815,10.246101364522417,3.568713450292398,16.814814814814813,-2.9999999999999982
1980-07,12.35663082437276,12.944727409922656,-0.5880965855498967,16.72043010752688,-4.363799283154121
1980-08,10.080645161290324,10.635752688172044,-0.55510752688172,14.784946236559138,-4.704301075268814
1980-09,5.842592592592592,5.1194444444444445,0.7231481481481472,10.814814814814817,-4.972222222222225
1980-10,-2.42831541218638,-1.9184587813620073,-0.5098566308243728,5.232974910394266,-7.661290322580646
1980-11,-12.11111111111111,-7.987962962962963,-4.123148148148148,-2.4629629629629632,-9.648148148148147
1980-12,-15.922939068100357,-13.147401433691755,-2.775537634408602,-2.9749103942652333,-12.948028673835124
1981-01,-13.324372759856631,-16.153424930306652,2.829052170450021,-4.103942652329748,-9.220430107526884
1981-02,-15.892857142857142,-16.21924983275558,0.3263926898984373,-6.07142857142857,-9.821428571428573
1981-03,-16.218637992831543,-11.184289127837514,-5.034348864994028,-5.78853046594982,-10.430107526881724
1981-04,-5.712962962962964,-4.104938271604938,-1.6080246913580254,1.685185185185184,-7.398148148148148
1981-05,3.396057347670249,3.3213859020310625,0.07467144563918637,11.075268817204302,-7.679211469534053
1981-06,7.703703703703704,10.246101364522417,-2.542397660818713,12.925925925925926,-5.222222222222221
1981-07,13.79032258064516,12.944727409922656,0.845595170722504,16.559139784946236,-2.768817204301076
1981-08,10.026881720430106,10.635752688172044,-0.6088709677419377,13.924731182795698,-3.897849462365592
1981-09,5.212962962962963,5.1194444444444445,0.09351851851851833,10.277777777777777,-5.064814814814814
1981-10,0.6003584229390668,-1.9184587813620073,2.518817204301074,6.0573476702508975,-5.456989247311831
1981-11,-7.814814814814815,-7.987962962962963,0.17314814814814827,-0.0185185185185194,-7.796296296296296
1981-12,-20.33154121863799,-13.147401433691755,-7.184139784946236,-6.0752688172043,-14.25627240143369
1982-01,-20.797491039426525,-16.153424930306652,-4.644066109119873,-10.3584229390681,-10.439068100358424
1982-02,-10.307539682539684,-16.21924983275558,5.911710150215896,-5.7142857142857135,-4.59325396825397
1982-03,-7.508960573476702,-11.184289127837514,3.6753285543608127,-0.3584229390681,-7.150537634408602
1982-04,-2.592592592592593,-4.104938271604938,1.5123456790123453,2.6851851851851865,-5.2777777777777795
1982-05,3.288530465949822,3.3213859020310625,-0.03285543608124053,9.175627240143369,-5.887096774193546
1982-06,5.805555555555557,10.246101364522417,-4.44054580896686,11.555555555555554,-5.7499999999999964
1982-07,13.602150537634408,12.944727409922656,0.6574231277117519,17.043010752688172,-3.440860215053764
1982-08,10.268817204301076,10.635752688172044,-0.36693548387096797,15.663082437275984,-5.394265232974908
1982-09,5.6759259259259265,5.1194444444444445,0.556481481481482,10.22222222222222,-4.546296296296293
1982-10,-1.2275985663082443,-1.9184587813620073,0.690860215053763,4.928315412186378,-6.155913978494622
1982-11,-4.712962962962964,-7.987962962962963,3.2749999999999995,3.5555555555555545,-8.268518518518519
1982-12,-9.731182795698924,-13.147401433691755,3.4162186379928308,-0.179211469534051,-9.551971326164873
1983-01,-11.756272401433693,-16.153424930306652,4.39715252887296,-1.5591397849462356,-10.197132616487457
1983-02,-14.027777777777777,-16.21924983275558,2.191472054977803,-8.055555555555555,-5.972222222222221
1983-03,-8.89784946236559,-11.184289127837514,2.2864396654719243,-2.6523297491039424,-6.245519713261648
1983-04,0.10185185185185,-4.104938271604938,4.206790123456789,5.203703703703704,-5.101851851851854
1983-05,5.134408602150538,3.3213859020310625,1.8130227001194754,11.54121863799283,-6.406810035842293
1983-06,10.240740740740739,10.246101364522417,-0.005360623781678342,13.537037037037036,-3.2962962962962976
1983-07,13.53942652329749,12.944727409922656,0.5946991133748334,17.79569892473118,-4.256272401433691
1983-08,9.605734767025089,10.635752688172044,-1.0300179211469551,15.663082437275984,-6.057347670250895
1983-09,7.555555555555556,5.1194444444444445,2.436111111111112,11.38888888888889,-3.833333333333333
1983-10,-0.6362007168458778,-1.9184587813620073,1.2822580645161294,5.842293906810036,-6.478494623655913
1983-11,-16.416666666666668,-7.987962962962963,-8.428703703703704,-1.6296296296296298,-14.787037037037038
1983-12,-16.980286738351253,-13.147401433691755,-3.8328853046594986,-2.6344086021505375,-14.345878136200716
1984-01,-14.42652329749104,-16.153424930306652,1.726901632815613,-4.390681003584229,-10.03584229390681
1984-02,-7.863984674329502,-16.21924983275558,8.355265158426079,-5.689655172413794,-2.1743295019157083
1984-03,-11.54121863799283,-11.184289127837514,-0.35692951015531627,-4.175627240143369,-7.365591397849462
1984-04,-1.99074074074074,-4.104938271604938,2.1141975308641983,4.685185185185183,-6.675925925925924
1984-05,6.9802867383512535,3.3213859020310625,3.658900836320191,12.759856630824371,-5.779569892473118
1984-06,10.685185185185185,10.246101364522417,0.4390838206627681,13.944444444444445,-3.2592592592592595
1984-07,12.016129032258066,12.944727409922656,-0.9285983776645903,15.161290322580644,-3.1451612903225783
1984-08,9.829749103942653,10.635752688172044,-0.8060035842293907,14.910394265232974,-5.08064516129032
1984-09,4.379629629629629,5.1194444444444445,-0.7398148148148156,9.851851851851851,-5.472222222222222
1984-10,-1.039426523297491,-1.9184587813620073,0.8790322580645162,7.132616487455196,-8.172043010752686
1984-11,-9.99074074074074,-7.987962962962963,-2.0027777777777773,1.185185185185185,-11.175925925925926
1984-12,-7.562724014336918,-13.147401433691755,5.584677419354837,-1.9534050179211464,-5.609318996415771
1985-01,-23.172043010752688,-16.153424930306652,-7.018618080446036,-15.519713261648748,-7.65232974910394
1985-02,-24.543650793650794,-16.21924983275558,-8.324400960895215,-15.11904761904762,-9.424603174603174
1985-03,-7.652329749103942,-11.184289127837514,3.531959378733572,-2.508960573476702,-5.143369175627241
1985-04,-6.527777777777778,-4.104938271604938,-2.4228395061728394,1.0740740740740722,-7.601851851851849
1985-05,1.5322580645161288,3.3213859020310625,-1.7891278375149338,9.42652329749104,-7.89426523297491
1985-06,10.194444444444445,10.246101364522417,-0.0516569200779724,13.425925925925924,-3.231481481481479
1985-07,13.252688172043008,12.944727409922656,0.30796076212035217,15.806451612903226,-2.5537634408602177
1985-08,11.675627240143369,10.635752688172044,1.0398745519713248,16.129032258064516,-4.453405017921147
1985-09,5.935185185185183,5.1194444444444445,0.8157407407407389,9.185185185185183,-3.25
1985-10,0.3673835125448043,-1.9184587813620073,2.2858422939068115,6.935483870967742,-6.568100358422938
1985-11,-7.916666666666666,-7.987962962962963,0.07129629629629708,-1.351851851851852,-6.564814814814814
1985-12,-21.38888888888889,-13.147401433691755,-8.241487455197134,-6.469534050179211,-14.919354838709678
1986-01,-18.36021505376344,-16.153424930306652,-2.2067901234567877,-7.903225806451613,-10.456989247311828
1986-02,-16.775793650793652,-16.21924983275558,-0.5565438180380724,-11.607142857142856,-5.168650793650796
1986-03,-4.668458781362006,-11.184289127837514,6.515830346475508,-1.222222222222222,-3.446236559139784
1986-04,-4.731481481481481,-4.104938271604938,-0.6265432098765427,0.5555555555555556,-5.287037037037036
1986-05,4.354838709677418,3.3213859020310625,1.0334528076463556,10.878136200716844,-6.5232974910394255
1986-06,13.277777777777777,10.246101364522417,3.0316764132553597,16.833333333333332,-3.5555555555555554
1986-07,12.795698924731182,12.944727409922656,-0.14902848519147405,17.1505376344086,-4.354838709677418
1986-08,8.942652329749102,10.635752688172044,-1.6931003584229423,13.781362007168456,-4.838709677419354
1986-09,2.5833333333333326,5.1194444444444445,-2.536111111111112,7.074074074074074,-4.490740740740742
1986-10,0.4390681003584223,-1.9184587813620073,2.3575268817204296,5.663082437275986,-5.224014336917564
1986-11,-3.990740740740741,-7.987962962962963,3.9972222222222222,3.6851851851851847,-7.675925925925926
1986-12,-20.967741935483872,-13.147401433691755,-7.820340501792117,-7.043010752688171,-13.9247311827957
1987-01,-22.903225806451612,-16.153424930306652,-6.74980087614496,-17.97491039426523,-4.928315412186382
1987-02,-17.28174603174603,-16.21924983275558,-1.062496198990452,-6.845238095238096,-10.436507936507937
1987-03,-11.102150537634408,-11.184289127837514,0.08213859020310643,-6.218637992831542,-4.8835125448028665
1987-04,-4.851851851851852,-4.104938271604938,-0.7469135802469138,2.62962962962963,-7.481481481481483
1987-05,3.1630824372759863,3.3213859020310625,-0.15830346475507628,8.369175627240143,-5.2060931899641565
1987-06,10.009259259259258,10.246101364522417,-0.2368421052631593,12.685185185185189,-2.675925925925931
1987-07,11.236559139784946,12.944727409922656,-1.70816827013771,15.358422939068102,-4.121863799283156
1987-08,8.593189964157707,10.635752688172044,-2.0425627240143367,12.526881720430106,-3.933691756272399
1987-09,5.777777777777777,5.1194444444444445,0.6583333333333323,8.944444444444445,-3.166666666666668
1987-10,4.919354838709675,-1.9184587813620073,6.837813620071683,6.971326164874551,-2.0519713261648755
1987-11,-9.222222222222223,-7.987962962962963,-1.23425925925926,-0.4999999999999992,-8.722222222222223
1987-12,-17.051971326164875,-13.147401433691755,-3.90456989247312,-4.71326164874552,-12.338709677419356
1988-01,-13.584229390681005,-16.153424930306652,2.569195539625648,-2.580645161290322,-11.003584229390682
1988-02,-13.821839080459771,-16.21924983275558,2.3974107522958086,-4.080459770114943,-9.74137931034483
1988-03,-8.727598566308243,-11.184289127837514,2.456690561529271,-3.0824372759856624,-5.645161290322581
1988-04,-6.083333333333333,-4.104938271604938,-1.9783950617283947,1.6481481481481493,-7.731481481481483
1988-05,3.682795698924733,3.3213859020310625,0.36140979689367025,12.114695340501791,-8.431899641577058
1988-06,11.87037037037037,10.246101364522417,1.6242690058479532,17.27777777777778,-5.407407407407408
1988-07,15.403225806451612,12.944727409922656,2.458498396528956,19.767025089605735,-4.363799283154123
1988-08,11.120071684587813,10.635752688172044,0.4843189964157695,14.587813620071683,-3.46774193548387
1988-09,6.842592592592594,5.1194444444444445,1.7231481481481499,11.277777777777777,-4.4351851851851825
1988-10,-0.8691756272401443,-1.9184587813620073,1.049283154121863,4.605734767025089,-5.474910394265233
1988-11,-12.898148148148149,-7.987962962962963,-4.910185185185186,-3.1851851851851856,-9.712962962962964
1988-12,-17.105734767025087,-13.147401433691755,-3.958333333333332,-6.236559139784946,-10.869175627240141
1989-01,-10.52867383512545,-16.153424930306652,5.624751095181203,-0.250896057347671,-10.277777777777779
1989-02,-10.0,-16.21924983275558,6.21924983275558,0.4166666666666666,-10.416666666666666
1989-03,-3.566308243727598,-11.184289127837514,7.617980884109917,1.5949820788530449,-5.161290322580642
1989-04,0.3981481481481492,-4.104938271604938,4.503086419753087,5.518518518518516,-5.120370370370368
1989-05,6.120071684587813,3.3213859020310625,2.798685782556751,11.057347670250897,-4.937275985663083
1989-06,12.13888888888889,10.246101364522417,1.8927875243664722,16.12962962962963,-3.9907407407407405
1989-07,12.948028673835124,12.944727409922656,0.0033012639124674337,17.473118279569892,-4.5250896057347685
1989-08,11.272401433691755,10.635752688172044,0.636648745519711,14.354838709677418,-3.0824372759856633
1989-09,6.129629629629628,5.1194444444444445,1.0101851851851835,11.555555555555554,-5.425925925925926
1989-10,-1.4426523297491043,-1.9184587813620073,0.475806451612903,5.3584229390681015,-6.801075268817206
1989-11,-4.888888888888889,-7.987962962962963,3.099074074074074,0.4814814814814817,-5.370370370370371
1989-12,-13.064516129032258,-13.147401433691755,0.08288530465949684,-4.982078853046596,-8.082437275985662
1990-01,-16.75627240143369,-16.153424930306652,-0.6028474711270384,-3.870967741935485,-12.885304659498207
1990-02,-4.057539682539682,-16.21924983275558,12.161710150215898,1.170634920634919,-5.228174603174601
1990-03,-8.02867383512545,-11.184289127837514,3.1556152927120653,1.3799283154121866,-9.408602150537636
1990-04,-0.9351851851851853,-4.104938271604938,3.169753086419753,6.203703703703702,-7.1388888888888875
1990-05,3.351254480286738,3.3213859020310625,0.02986857825567535,9.874551971326165,-6.523297491039427
1990-06,9.759259259259261,10.246101364522417,-0.48684210526315574,14.388888888888888,-4.629629629629626
1990-07,13.5663082437276,12.944727409922656,0.6215808338049431,15.913978494623658,-2.3476702508960585
1990-08,11.335125448028675,10.635752688172044,0.6993727598566313,15.788530465949822,-4.453405017921147
1990-09,4.685185185185183,5.1194444444444445,-0.4342592592592611,8.703703703703702,-4.018518518518519
1990-10,-0.4749103942652333,-1.9184587813620073,1.443548387096774,5.340501792114694,-5.815412186379927
1990-11,-10.638888888888888,-7.987962962962963,-2.6509259259259244,-0.981481481481481,-9.657407407407407
1990-12,-7.508960573476702,-13.147401433691755,5.638440860215053,-1.021505376344087,-6.487455197132615
1991-01,-13.261648745519713,-16.153424930306652,2.8917761847869397,-2.9928315412186377,-10.268817204301076
1991-02,-16.33928571428571,-16.21924983275558,-0.12003588153013212,-6.25,-10.089285714285712
1991-03,-10.985663082437275,-11.184289127837514,0.1986260454002391,-0.6451612903225801,-10.340501792114695
1991-04,-2.194444444444444,-4.104938271604938,1.910493827160494,3.6851851851851847,-5.879629629629629
1991-05,2.1057347670250888,3.3213859020310625,-1.2156511350059738,8.046594982078853,-5.940860215053764
1991-06,9.86111111111111,10.246101364522417,-0.3849902534113063,12.925925925925926,-3.064814814814815
1991-07,13.225806451612902,12.944727409922656,0.281079041690246,17.724014336917563,-4.4982078853046605
1991-08,11.86379928315412,10.635752688172044,1.228046594982077,16.666666666666668,-4.802867383512547
1991-09,4.157407407407407,5.1194444444444445,-0.962037037037037,9.944444444444445,-5.787037037037037
1991-10,0.32258064516128904,-1.9184587813620073,2.2410394265232965,5.86021505376344,-5.537634408602151
1991-11,-4.249999999999999,-7.987962962962963,3.737962962962964,3.1851851851851856,-7.435185185185185
1991-12,-10.14336917562724,-13.147401433691755,3.0040322580645142,-1.2365591397849467,-8.906810035842295
1992-01,-9.47132616487455,-16.153424930306652,6.682098765432102,-1.577060931899642,-7.894265232974909
1992-02,-8.314176245210728,-16.21924983275558,7.905073587544852,-2.0498084291187744,-6.264367816091953
1992-03,-4.829749103942653,-11.184289127837514,6.354540023894861,0.9139784946236575,-5.743727598566311
1992-04,-5.722222222222222,-4.104938271604938,-1.617283950617284,2.000000000000001,-7.722222222222223
1992-05,5.806451612903227,3.3213859020310625,2.4850657108721643,11.451612903225804,-5.645161290322577
1992-06,12.268518518518519,10.246101364522417,2.022417153996102,15.907407407407408,-3.6388888888888893
1992-07,11.263440860215054,12.944727409922656,-1.6812865497076022,16.810035842293907,-5.546594982078853
1992-08,9.04121863799283,10.635752688172044,-1.5945340501792131,14.964157706093191,-5.92293906810036
1992-09,8.064814814814815,5.1194444444444445,2.9453703703703704,12.018518518518515,-3.9537037037037006
1992-10,-8.754480286738351,-1.9184587813620073,-6.836021505376344,0.6451612903225821,-9.399641577060933
1992-11,-10.731481481481481,-7.987962962962963,-2.743518518518518,-1.314814814814815,-9.416666666666666
1992-12,-5.994623655913978,-13.147401433691755,7.152777777777777,0.4480286738351245,-6.4426523297491025
1993-01,-10.743727598566307,-16.153424930306652,5.409697331740345,-1.7741935483870976,-8.96953405017921
1993-02,-11.21031746031746,-16.21924983275558,5.008932372438119,-2.6785714285714293,-8.531746031746032
1993-03,-8.700716845878135,-11.184289127837514,2.483572281959379,-0.6630824372759866,-8.037634408602148
1993-04,-4.166666666666667,-4.104938271604938,-0.06172839506172867,3.722222222222224,-7.888888888888891
1993-05,4.310035842293907,3.3213859020310625,0.9886499402628441,13.45878136200717,-9.148745519713263
1993-06,7.083333333333333,10.246101364522417,-3.162768031189084,12.203703703703704,-5.120370370370371
1993-07,13.79032258064516,12.944727409922656,0.845595170722504,16.093189964157705,-2.3028673835125453
1993-08,10.869175627240143,10.635752688172044,0.23342293906809886,13.637992831541217,-2.768817204301074
1993-09,2.120370370370372,5.1194444444444445,-2.9990740740740724,6.500000000000002,-4.37962962962963
1993-10,-4.6415770609319,-1.9184587813620073,-2.723118279569893,3.781362007168458,-8.422939068100359
1993-11,-5.962962962962964,-7.987962962962963,2.0249999999999995,-3.037037037037036,-2.925925925925928
1993-12,-10.474910394265233,-13.147401433691755,2.6724910394265216,-2.956989247311829,-7.517921146953404
1994-01,-15.851254480286737,-16.153424930306652,0.30217045001991494,-3.978494623655913,-11.872759856630825
1994-02,-13.918650793650794,-16.21924983275558,2.3005990391047852,-12.956349206349206,-0.9623015873015888
1994-03,-7.867383512544802,-11.184289127837514,3.316905615292712,-2.580645161290322,-5.28673835125448
1994-04,0.34259259259259284,-4.104938271604938,4.447530864197531,5.203703703703704,-4.861111111111112
1994-05,2.6344086021505375,3.3213859020310625,-0.686977299880525,8.45878136200717,-5.824372759856631
1994-06,9.935185185185185,10.246101364522417,-0.3109161793372319,12.870370370370368,-2.9351851851851833
1994-07,13.378136200716844,12.944727409922656,0.4334087907941875,19.928315412186382,-6.550179211469539
1994-08,11.39784946236559,10.635752688172044,0.7620967741935463,15.591397849462364,-4.193548387096774
1994-09,4.4259259259259265,5.1194444444444445,-0.693518518518518,11.14814814814815,-6.722222222222224
1994-10,-1.066308243727598,-1.9184587813620073,0.8521505376344094,4.85663082437276,-5.922939068100359
1994-11,-8.907407407407407,-7.987962962962963,-0.9194444444444434,-0.4259259259259254,-8.481481481481481
1994-12,-6.729390681003585,-13.147401433691755,6.41801075268817,-0.4838709677419355,-6.245519713261649
1995-01,-10.232974910394267,-16.153424930306652,5.920450019912385,-3.1541218637992823,-7.078853046594984
1995-02,-9.206349206349206,-16.21924983275558,7.012900626406374,-0.3769841269841261,-8.829365079365079
1995-03,-4.695340501792115,-11.184289127837514,6.488948626045399,0.1971326164874535,-4.892473118279569
1995-04,-3.166666666666666,-4.104938271604938,0.9382716049382722,3.3888888888888897,-6.555555555555555
1995-05,2.2670250896057333,3.3213859020310625,-1.0543608124253292,9.211469534050178,-6.944444444444445
1995-06,11.722222222222223,10.246101364522417,1.4761208576998062,17.555555555555557,-5.833333333333334
1995-07,11.362007168458781,12.944727409922656,-1.5827202414638748,16.0752688172043,-4.713261648745519
1995-08,10.806451612903226,10.635752688172044,0.1706989247311821,16.200716845878137,-5.394265232974911
1995-09,4.972222222222224,5.1194444444444445,-0.14722222222222037,10.944444444444446,-5.972222222222222
1995-10,-1.0125448028673842,-1.9184587813620073,0.9059139784946231,8.046594982078853,-9.059139784946236
1995-11,-13.407407407407407,-7.987962962962963,-5.419444444444443,-2.1666666666666656,-11.24074074074074
1995-12,-16.7831541218638,-13.147401433691755,-3.635752688172044,-8.010752688172042,-8.772401433691757
1996-01,-9.731182795698924,-16.153424930306652,6.422242134607728,-6.093189964157706,-3.6379928315412178
1996-02,-14.78927203065134,-16.21924983275558,1.42997780210424,-10.134099616858236,-4.655172413793103
1996-03,-7.401433691756273,-11.184289127837514,3.782855436081242,-3.2078853046594977,-4.193548387096775
1996-04,-4.407407407407407,-4.104938271604938,-0.30246913580246915,3.2592592592592595,-7.666666666666667
1996-05,-0.21505376344086002,3.3213859020310625,-3.5364396654719226,9.265232974910395,-9.480286738351255
1996-06,8.379629629629632,10.246101364522417,-1.8664717348927855,13.574074074074073,-5.194444444444441
1996-07,11.792114695340501,12.944727409922656,-1.1526127145821548,14.74910394265233,-2.956989247311828
1996-08,12.858422939068102,10.635752688172044,2.2226702508960585,17.688172043010752,-4.82974910394265
1996-09,4.703703703703705,5.1194444444444445,-0.4157407407407394,8.85185185185185,-4.148148148148144
1996-10,0.8602150537634401,-1.9184587813620073,2.7786738351254474,6.774193548387098,-5.913978494623658
1996-11,-5.388888888888888,-7.987962962962963,2.5990740740740748,3.407407407407407,-8.796296296296296
1996-12,-13.691756272401433,-13.147401433691755,-0.5443548387096779,-5.089605734767025,-8.602150537634408
1997-01,-15.28673835125448,-16.153424930306652,0.866686579052173,-4.103942652329748,-11.182795698924732
1997-02,-13.353174603174603,-16.21924983275558,2.866075229580977,-3.234126984126985,-10.119047619047617
1997-03,-8.387096774193548,-11.184289127837514,2.7971923536439665,-0.6989247311827955,-7.688172043010752
1997-04,-7.453703703703704,-4.104938271604938,-3.348765432098766,2.018518518518518,-9.472222222222221
1997-05,2.3028673835125466,3.3213859020310625,-1.018518518518516,8.440860215053764,-6.137992831541217
1997-06,11.425925925925927,10.246101364522417,1.1798245614035103,16.59259259259259,-5.166666666666664
1997-07,14.946236559139786,12.944727409922656,2.0015091492171297,18.584229390681003,-3.637992831541217
1997-08,12.508960573476703,10.635752688172044,1.8732078853046588,18.53046594982079,-6.021505376344088
1997-09,7.314814814814813,5.1194444444444445,2.1953703703703686,10.518518518518515,-3.2037037037037024
1997-10,-1.9802867383512555,-1.9184587813620073,-0.061827956989248145,3.046594982078853,-5.026881720430109
1997-11,-7.7407407407407405,-7.987962962962963,0.24722222222222268,0.2407407407407389,-7.981481481481479
1997-12,-10.439068100358423,-13.147401433691755,2.708333333333332,-3.333333333333333,-7.10573476702509
1998-01,-13.351254480286737,-16.153424930306652,2.802170450019915,-1.7204301075268822,-11.630824372759855
1998-02,-21.319444444444443,-16.21924983275558,-5.100194611688863,-4.444444444444445,-16.875
1998-03,-12.025089605734767,-11.184289127837514,-0.8408004778972522,-4.21146953405018,-7.8136200716845865
1998-04,-6.092592592592592,-4.104938271604938,-1.9876543209876534,2.944444444444443,-9.037037037037035
1998-05,2.64336917562724,3.3213859020310625,-0.6780167264038224,10.448028673835124,-7.804659498207883
1998-06,8.777777777777777,10.246101364522417,-1.4683235867446403,14.611111111111107,-5.83333333333333
1998-07,15.143369175627239,12.944727409922656,2.1986417657045827,16.308243727598565,-1.1648745519713266
1998-08,10.232974910394267,10.635752688172044,-0.4027777777777768,13.763440860215052,-3.530465949820785
1998-09,5.370370370370369,5.1194444444444445,0.2509259259259249,11.703703703703706,-6.333333333333337
1998-10,-0.25985663082437327,-1.9184587813620073,1.658602150537634,5.913978494623658,-6.173835125448031
1998-11,-10.814814814814815,-7.987962962962963,-2.8268518518518517,-3.314814814814814,-7.500000000000001
1998-12,-13.315412186379929,-13.147401433691755,-0.16801075268817378,-1.9892473118279577,-11.32616487455197
1999-01,-18.2078853046595,-16.153424930306652,-2.0544603743528462,-5.481481481481482,-12.726403823178018
1999-02,-14.682539682539684,-16.21924983275558,1.536710150215896,-7.1230158730158735,-7.55952380952381
1999-03,-8.100358422939069,-11.184289127837514,3.083930704898446,-1.2724014336917555,-6.827956989247313
1999-04,-1.8333333333333337,-4.104938271604938,2.2716049382716044,5.907407407407407,-7.740740740740741
1999-05,1.1111111111111112,3.3213859020310625,-2.2102747909199514,8.100358422939067,-6.989247311827956
1999-06,13.370370370370372,10.246101364522417,3.124269005847955,18.555555555555557,-5.185185185185185
1999-07,14.372759856630822,12.944727409922656,1.4280324467081655,19.318996415770613,-4.946236559139791
1999-08,9.050179211469533,10.635752688172044,-1.5855734767025105,15.50179211469534,-6.451612903225806
1999-09,7.916666666666666,5.1194444444444445,2.7972222222222216,12.925925925925926,-5.0092592592592595
1999-10,1.4426523297491023,-1.9184587813620073,3.36111111111111,6.86379928315412,-5.421146953405017
1999-11,-4.500000000000001,-7.987962962962963,3.4879629629629623,2.7222222222222214,-7.222222222222222
1999-12,-14.489247311827958,-13.147401433691755,-1.341845878136203,-2.078853046594982,-12.410394265232975
2000-01,-12.795698924731182,-16.153424930306652,3.3577260055754703,-2.7240143369175622,-10.07168458781362
2000-02,-11.455938697318008,-16.21924983275558,4.763311135437572,-2.356321839080461,-9.099616858237546
2000-03,-7.93010752688172,-11.184289127837514,3.2541816009557945,-0.6272401433691756,-7.302867383512544
2000-04,-1.75925925925926,-4.104938271604938,2.3456790123456783,6.425925925925927,-8.185185185185187
2000-05,4.820788530465951,3.3213859020310625,1.499402628434888,10.949820788530468,-6.129032258064518
2000-06,10.638888888888888,10.246101364522417,0.39278752436647046,14.5,-3.8611111111111125
2000-07,14.784946236559138,12.944727409922656,1.840218826636482,16.97132616487455,-2.1863799283154126
2000-08,11.335125448028675,10.635752688172044,0.6993727598566313,15.555555555555555,-4.22043010752688
2000-09,6.4074074074074066,5.1194444444444445,1.287962962962962,9.74074074074074,-3.333333333333334
2000-10,4.023297491039426,-1.9184587813620073,5.941756272401434,8.978494623655916,-4.955197132616489
2000-11,-2.8518518518518516,-7.987962962962963,5.136111111111111,4.666666666666666,-7.518518518518517
2000-12,-11.137992831541217,-13.147401433691755,2.009408602150538,1.254480286738351,-12.392473118279568
2001-01,-7.670250896057347,-16.153424930306652,8.483174034249306,-2.114695340501791,-5.555555555555555
2001-02,-15.515873015873016,-16.21924983275558,0.7033768168825638,-7.896825396825397,-7.619047619047619
2001-03,-14.910394265232975,-11.184289127837514,-3.726105137395461,-3.584229390681004,-11.32616487455197
2001-04,-3.5277777777777786,-4.104938271604938,0.5771604938271597,5.499999999999999,-9.027777777777779
2001-05,3.172043010752689,3.3213859020310625,-0.14934289127837364,9.641577060931898,-6.469534050179209
2001-06,12.768518518518519,10.246101364522417,2.522417153996102,14.203703703703706,-1.435185185185187
2001-07,14.13978494623656,12.944727409922656,1.1950575363139038,20.41218637992831,-6.272401433691751
2001-08,10.95878136200717,10.635752688172044,0.32302867383512535,16.397849462365592,-5.439068100358423
2001-09,7.8703703703703685,5.1194444444444445,2.750925925925924,12.148148148148149,-4.27777777777778
2001-10,-0.6362007168458778,-1.9184587813620073,1.2822580645161294,8.13620071684588,-8.772401433691757
2001-11,-8.694444444444443,-7.987962962962963,-0.7064814814814797,-0.0185185185185194,-8.675925925925924
2001-12,-14.31899641577061,-13.147401433691755,-1.1715949820788545,-7.060931899641577,-7.258064516129032
2002-01,-14.551971326164875,-16.153424930306652,1.6014536041417777,-3.512544802867384,-11.039426523297491
2002-02,-10.982142857142856,-16.21924983275558,5.237106975612724,-0.813492063492064,-10.168650793650793
2002-03,-9.301075268817204,-11.184289127837514,1.8832138590203105,0.358422939068102,-9.659498207885306
2002-04,1.2592592592592586,-4.104938271604938,5.364197530864197,5.796296296296294,-4.537037037037035
2002-05,5.250896057347671,3.3213859020310625,1.929510155316608,12.060931899641576,-6.810035842293905
2002-06,12.268518518518519,10.246101364522417,2.022417153996102,16.37037037037037,-4.101851851851851
2002-07,15.134408602150538,12.944727409922656,2.189681192227882,19.39068100358423,-4.256272401433693
2002-08,11.836917562724013,10.635752688172044,1.201164874551969,19.372759856630825,-7.535842293906812
2002-09,5.120370370370371,5.1194444444444445,0.0009259259259266628,11.203703703703702,-6.083333333333331
2002-10,-2.7329749103942644,-1.9184587813620073,-0.8145161290322571,0.5913978494623645,-3.324372759856629
2002-11,-12.842592592592592,-7.987962962962963,-4.8546296296296285,-2.7777777777777777,-10.064814814814813
2002-12,-15.940860215053764,-13.147401433691755,-2.793458781362009,-8.207885304659497,-7.732974910394267
2003-01,-20.869175627240143,-16.153424930306652,-4.71575069693349,-9.802867383512543,-11.0663082437276
2003-02,-7.996031746031745,-16.21924983275558,8.223218086723834,-5.753968253968254,-2.242063492063491
2003-03,-4.92831541218638,-11.184289127837514,6.255973715651135,-1.4874551971326155,-3.440860215053764
2003-04,-3.1111111111111116,-4.104938271604938,0.9938271604938267,2.5,-5.611111111111112
2003-05,5.6541218637992845,3.3213859020310625,2.332735961768222,9.85663082437276,-4.202508960573475
2003-06,8.861111111111112,10.246101364522417,-1.3849902534113046,13.11111111111111,-4.249999999999998
2003-07,17.087813620071685,12.944727409922656,4.143086210149029,20.32258064516129,-3.234767025089603
2003-08,11.675627240143369,10.635752688172044,1.0398745519713248,15.913978494623658,-4.238351254480289
2003-09,5.842592592592592,5.1194444444444445,0.7231481481481472,11.500000000000002,-5.65740740740741
2003-10,-0.044802867383513245,-1.9184587813620073,1.873655913978494,3.5483870967741953,-3.5931899641577085
2003-11,-4.62037037037037,-7.987962962962963,3.367592592592593,2.907407407407408,-7.527777777777779
2003-12,-12.437275985663081,-13.147401433691755,0.7101254480286734,-0.9677419354838712,-11.46953405017921
2004-01,-11.657706093189963,-16.153424930306652,4.495718837116689,-7.204301075268818,-4.4534050179211455
2004-02,-13.170498084291188,-16.21924983275558,3.048751748464392,-4.885057471264367,-8.285440613026822
2004-03,-7.2491039426523285,-11.184289127837514,3.935185185185186,-1.4157706093189957,-5.833333333333333
2004-04,-1.9444444444444444,-4.104938271604938,2.1604938271604937,4.4259259259259265,-6.370370370370371
2004-05,4.032258064516129,3.3213859020310625,0.7108721624850665,10.125448028673835,-6.093189964157706
2004-06,9.592592592592592,10.246101364522417,-0.6535087719298254,12.999999999999998,-3.4074074074074066
2004-07,15.815412186379929,12.944727409922656,2.8706847764572725,16.344086021505376,-0.5286738351254474
2004-08,11.54121863799283,10.635752688172044,0.9054659498207869,16.68458781362007,-5.143369175627239
2004-09,6.675925925925926,5.1194444444444445,1.5564814814814811,12.25925925925926,-5.583333333333334
2004-10,-0.3315412186379933,-1.9184587813620073,1.586917562724014,5.609318996415769,-5.940860215053762
2004-11,-8.527777777777779,-7.987962962962963,-0.5398148148148154,-0.2777777777777778,-8.25
2004-12,-8.584229390681005,-13.147401433691755,4.56317204301075,-0.4480286738351245,-8.13620071684588
2005-01,-8.942652329749103,-16.153424930306652,7.210772600557549,-0.9856630824372756,-7.956989247311828
2005-02,-10.873015873015872,-16.21924983275558,5.346233959739708,-5.674603174603175,-5.198412698412697
2005-03,-12.060931899641577,-11.184289127837514,-0.8766427718040628,-6.397849462365591,-5.663082437275986
2005-04,-1.2407407407407411,-4.104938271604938,2.864197530864197,4.351851851851853,-5.592592592592594
2005-05,3.288530465949822,3.3213859020310625,-0.03285543608124053,10.268817204301076,-6.9802867383512535
2005-06,11.861111111111112,10.246101364522417,1.6150097465886954,14.129629629629628,-2.2685185185185155
2005-07,14.928315412186377,12.944727409922656,1.983588002263721,18.924731182795696,-3.9964157706093193
2005-08,12.804659498207885,10.635752688172044,2.168906810035841,16.14695340501792,-3.3422939068100366
2005-09,6.731481481481482,5.1194444444444445,1.6120370370370374,12.27777777777778,-5.5462962962962985
2005-10,2.3476702508960576,-1.9184587813620073,4.266129032258065,7.060931899641577,-4.71326164874552
2005-11,-1.287037037037037,-7.987962962962963,6.700925925925926,3.629629629629629,-4.916666666666666
2005-12,-10.510752688172044,-13.147401433691755,2.636648745519711,-3.387096774193549,-7.123655913978495
2006-01,-11.801075268817204,-16.153424930306652,4.352349661489448,-4.71326164874552,-7.087813620071684
2006-02,-15.396825396825397,-16.21924983275558,0.8224244359301824,-9.087301587301589,-6.309523809523808
2006-03,-12.981481481481481,-11.184289127837514,-1.7971923536439665,-6.666666666666666,-6.314814814814815
2006-04,0.5277777777777793,-4.104938271604938,4.632716049382718,3.814814814814815,-3.2870370370370354
2006-05,5.295698924731182,3.3213859020310625,1.9743130227001195,10.57347670250896,-5.277777777777779
2006-06,12.259259259259261,10.246101364522417,2.0131578947368443,16.25925925925926,-3.9999999999999982
2006-07,13.297491039426523,12.944727409922656,0.3527636295038672,18.906810035842295,-5.609318996415771
2006-08,13.082437275985662,10.635752688172044,2.4466845878136176,18.100358422939067,-5.017921146953405
2006-09,6.416666666666665,5.1194444444444445,1.2972222222222207,13.685185185185183,-7.268518518518518
2006-10,-2.177419354838709,-1.9184587813620073,-0.25896057347670176,7.634408602150538,-9.811827956989248
2006-11,-6.7407407407407405,-7.987962962962963,1.2472222222222227,1.6481481481481493,-8.38888888888889
2006-12,-5.985663082437275,-13.147401433691755,7.161738351254479,3.27956989247312,-9.265232974910395
2007-01,-13.763440860215052,-16.153424930306652,2.3899840700916,-2.2759856630824378,-11.487455197132615
2007-02,-19.74206349206349,-16.21924983275558,-3.5228136593079107,-9.662698412698411,-10.079365079365079
2007-03,-3.476702508960573,-11.184289127837514,7.707586618876942,2.8315412186379914,-6.3082437275985646
2007-04,-2.361111111111111,-4.104938271604938,1.7438271604938271,5.185185185185186,-7.546296296296298
2007-05,3.835125448028675,3.3213859020310625,0.5137395459976126,10.985663082437275,-7.1505376344086
2007-06,10.36111111111111,10.246101364522417,0.11500974658869367,15.462962962962964,-5.101851851851853
2007-07,13.154121863799284,12.944727409922656,0.20939445387662836,17.240143369175627,-4.086021505376342
2007-08,12.25806451612903,10.635752688172044,1.6223118279569864,17.1505376344086,-4.89247311827957
2007-09,5.222222222222221,5.1194444444444445,0.10277777777777697,10.925925925925924,-5.703703703703702
2007-10,3.225806451612902,-1.9184587813620073,5.1442652329749095,6.4336917562724,-3.2078853046594977
2007-11,-6.805555555555555,-7.987962962962963,1.1824074074074078,0.0740740740740738,-6.879629629629629
2007-12,-4.560931899641577,-13.147401433691755,8.586469534050178,1.648745519713262,-6.20967741935484
2008-01,-9.444444444444445,-16.153424930306652,6.708980485862208,-0.21505376344086,-9.229390681003585
2008-02,-11.168582375478929,-16.21924983275558,5.050667457276651,0.344827586206896,-11.513409961685825
2008-03,-10.161290322580644,-11.184289127837514,1.0229988052568704,-0.5197132616487445,-9.6415770609319
2008-04,-3.0925925925925926,-4.104938271604938,1.0123456790123457,6.240740740740741,-9.333333333333334
2008-05,2.544802867383511,3.3213859020310625,-0.7765830346475515,10.734767025089605,-8.189964157706093
2008-06,9.703703703703704,10.246101364522417,-0.5423976608187129,14.537037037037036,-4.833333333333332
2008-07,12.616487455197133,12.944727409922656,-0.3282399547255235,17.060931899641577,-4.444444444444445
2008-08,9.292114695340501,10.635752688172044,-1.3436379928315425,14.802867383512543,-5.510752688172042
2008-09,4.703703703703705,5.1194444444444445,-0.4157407407407394,9.592592592592592,-4.888888888888887
2008-10,0.7706093189964175,-1.9184587813620073,2.689068100358425,8.225806451612902,-7.455197132616485
2008-11,-7.240740740740741,-7.987962962962963,0.7472222222222218,2.4814814814814823,-9.722222222222223
2008-12,-5.295698924731182,-13.147401433691755,7.851702508960573,0.43010752688172,-5.725806451612902
2009-01,-12.858422939068099,-16.153424930306652,3.2950019912385535,-3.978494623655913,-8.879928315412187
2009-02,-13.174603174603174,-16.21924983275558,3.0446466581524056,-5.0,-8.174603174603174
2009-03,-8.772401433691755,-11.184289127837514,2.4118876941457597,-1.792114695340502,-6.980286738351253
2009-04,-3.8055555555555562,-4.104938271604938,0.29938271604938205,4.574074074074074,-8.37962962962963
2009-05,6.254480286738351,3.3213859020310625,2.933094384707289,11.487455197132617,-5.232974910394265
2009-06,10.037037037037038,10.246101364522417,-0.20906432748537895,14.11111111111111,-4.074074074074073
2009-07,12.652329749103941,12.944727409922656,-0.29239766081871466,17.132616487455195,-4.4802867383512535
2009-08,12.885304659498209,10.635752688172044,2.2495519713261647,16.0752688172043,-3.1899641577060915
2009-09,7.842592592592593,5.1194444444444445,2.723148148148148,12.833333333333334,-4.990740740740741
2009-10,-3.2347670250896066,-1.9184587813620073,-1.3163082437275992,3.3154121863799286,-6.550179211469535
2009-11,-3.0185185185185186,-7.987962962962963,4.969444444444445,2.555555555555556,-5.574074074074074
2009-12,-12.428315412186379,-13.147401433691755,0.719086021505376,-5.340501792114695,-7.0878136200716835
2010-01,-15.313620071684586,-16.153424930306652,0.8398048586220668,-12.562724014336917,-2.750896057347669
2010-02,-17.46031746031746,-16.21924983275558,-1.241067627561879,-9.126984126984128,-8.33333333333333
2010-03,-12.732974910394265,-11.184289127837514,-1.5486857825567508,-2.580645161290322,-10.152329749103943
2010-04,0.12962962962963015,-4.104938271604938,4.234567901234568,4.61111111111111,-4.48148148148148
2010-05,6.388888888888888,3.3213859020310625,3.067502986857826,11.899641577060931,-5.510752688172043
2010-06,9.444444444444445,10.246101364522417,-0.8016569200779724,14.888888888888888,-5.444444444444443
2010-07,15.259856630824373,12.944727409922656,2.315129220901717,22.32974910394265,-7.069892473118276
2010-08,10.77956989247312,10.635752688172044,0.14381720430107592,17.670250896057347,-6.890681003584227
2010-09,6.500000000000002,5.1194444444444445,1.3805555555555573,11.500000000000002,-5.0
2010-10,1.3888888888888888,-1.9184587813620073,3.307347670250896,5.053763440860213,-3.6648745519713244
2010-11,-12.277777777777779,-7.987962962962963,-4.289814814814815,-1.7037037037037035,-10.574074074074074
2010-12,-15.017921146953404,-13.147401433691755,-1.8705197132616487,-8.870967741935484,-6.1469534050179195
2011-01,-14.31899641577061,-16.153424930306652,1.834428514536043,-5.4480286738351245,-8.870967741935484
2011-02,-20.059523809523807,-16.21924983275558,-3.840273976768227,-11.944444444444445,-8.115079365079362
2011-03,-8.064516129032258,-11.184289127837514,3.1197729988052565,-1.5949820788530469,-6.469534050179211
2011-04,1.3425925925925912,-4.104938271604938,5.44753086419753,5.962962962962964,-4.620370370370372
2011-05,5.439068100358422,3.3213859020310625,2.1176821983273593,10.734767025089605,-5.295698924731183
2011-06,13.166666666666668,10.246101364522417,2.920565302144251,17.37037037037037,-4.203703703703702
2011-07,15.546594982078853,12.944727409922656,2.6018675721561966,20.788530465949822,-5.24193548387097
2011-08,10.940860215053764,10.635752688172044,0.30510752688172005,16.827956989247312,-5.887096774193548
2011-09,8.407407407407407,5.1194444444444445,3.287962962962962,13.074074074074073,-4.666666666666666
2011-10,2.5179211469534044,-1.9184587813620073,4.436379928315412,7.670250896057347,-5.152329749103942
2011-11,-2.842592592592593,-7.987962962962963,5.145370370370371,4.37037037037037,-7.212962962962964
2011-12,-5.0,-13.147401433691755,8.147401433691755,2.186379928315413,-7.186379928315413
2012-01,-13.422939068100357,-16.153424930306652,2.7304858622062955,-5.0,-8.422939068100357
2012-02,-16.417624521072796,-16.21924983275558,-0.19837468831721594,-8.160919540229886,-8.25670498084291
2012-03,-7.553763440860215,-11.184289127837514,3.6305256869772995,-0.14336917562724,-7.410394265232975
2012-04,-4.101851851851851,-4.104938271604938,0.0030864197530870996,3.907407407407406,-8.009259259259258
2012-05,4.489247311827955,3.3213859020310625,1.1678614097968927,11.11111111111111,-6.6218637992831555
2012-06,9.96296296296296,10.246101364522417,-0.2831384015594569,13.61111111111111,-3.6481481481481506
2012-07,12.482078853046595,12.944727409922656,-0.46264855687606143,17.90322580645161,-5.421146953405014
2012-08,10.68100358422939,10.635752688172044,0.04525089605734678,15.28673835125448,-4.605734767025089
2012-09,6.074074074074072,5.1194444444444445,0.9546296296296273,11.759259259259258,-5.685185185185186
2012-10,-0.43010752688172005,-1.9184587813620073,1.4883512544802873,5.86021505376344,-6.29032258064516
2012-11,-5.231481481481482,-7.987962962962963,2.7564814814814813,3.240740740740742,-8.472222222222223
2012-12,-15.062724014336917,-13.147401433691755,-1.915322580645162,-6.6308243727598555,-8.431899641577061
2013-01,-11.00358422939068,-16.153424930306652,5.149840700915972,-5.86021505376344,-5.143369175627241
2013-02,-10.575396825396824,-16.21924983275558,5.643853007358755,-2.6190476190476195,-7.956349206349205
2013-03,-16.048387096774192,-11.184289127837514,-4.864097968936678,-6.756272401433691,-9.292114695340501
2013-04,-2.601851851851852,-4.104938271604938,1.5030864197530862,2.7592592592592604,-5.3611111111111125
2013-05,7.3888888888888875,3.3213859020310625,4.067502986857825,13.297491039426523,-5.908602150537636
2013-06,13.398148148148149,10.246101364522417,3.1520467836257318,17.814814814814813,-4.416666666666664
2013-07,13.763440860215052,12.944727409922656,0.8187134502923961,18.02867383512545,-4.265232974910397
2013-08,12.68817204301075,10.635752688172044,2.0524193548387064,17.025089605734767,-4.336917562724016
2013-09,8.203703703703702,5.1194444444444445,3.084259259259258,11.592592592592592,-3.3888888888888893
2013-10,-0.06272401433691775,-1.9184587813620073,1.8557347670250897,6.57706093189964,-6.639784946236557
2013-11,-7.185185185185185,-7.987962962962963,0.802777777777778,3.5555555555555545,-10.74074074074074
2013-12,-9.74910394265233,-13.147401433691755,3.3982974910394255,1.362007168458782,-11.11111111111111
2014-01,-15.188172043010752,-16.153424930306652,0.9652528872959003,-7.508960573476702,-7.67921146953405
2014-02,-5.267857142857143,-16.21924983275558,10.951392689898437,-0.3769841269841261,-4.890873015873018
2014-03,-5.474910394265233,-11.184289127837514,5.709378733572281,1.5232974910394266,-6.99820788530466
2014-04,-2.027777777777777,-4.104938271604938,2.0771604938271615,5.611111111111112,-7.638888888888888
2014-05,2.8405017921146936,3.3213859020310625,-0.480884109916369,10.824372759856631,-7.983870967741938
2014-06,9.629629629629632,10.246101364522417,-0.6164717348927855,13.555555555555554,-3.925925925925922
2014-07,16.335125448028673,12.944727409922656,3.3903980381060173,19.982078853046595,-3.6469534050179213
2014-08,12.939068100358423,10.635752688172044,2.303315412186379,17.293906810035843,-4.35483870967742
2014-09,6.861111111111112,5.1194444444444445,1.7416666666666671,11.888888888888888,-5.027777777777776
2014-10,-1.8727598566308243,-1.9184587813620073,0.04569892473118298,5.734767025089605,-7.607526881720429
2014-11,-7.222222222222222,-7.987962962962963,0.7657407407407408,2.3148148148148135,-9.537037037037036
2014-12,-9.587813620071683,-13.147401433691755,3.5595878136200714,-1.146953405017922,-8.440860215053762
2015-01,-14.811827956989246,-16.153424930306652,1.3415969733174062,-1.810035842293907,-13.00179211469534
2015-02,-8.055555555555555,-16.21924983275558,8.163694277200024,0.1190476190476196,-8.174603174603176
2015-03,-4.014336917562725,-11.184289127837514,7.16995221027479,1.6666666666666663,-5.681003584229391
2015-04,-0.6018518518518512,-4.104938271604938,3.503086419753087,5.166666666666665,-5.768518518518516
2015-05,5.5197132616487465,3.3213859020310625,2.198327359617684,9.587813620071683,-4.068100358422937
2015-06,9.527777777777777,10.246101364522417,-0.7183235867446403,13.537037037037036,-4.0092592592592595
2015-07,10.896057347670249,12.944727409922656,-2.048670062252407,16.0752688172043,-5.179211469534051
2015-08,12.204301075268818,10.635752688172044,1.568548387096774,16.702508960573475,-4.498207885304657
2015-09,8.62037037037037,5.1194444444444445,3.5009259259259258,12.537037037037038,-3.916666666666668
2015-10,0.14336917562724003,-1.9184587813620073,2.0618279569892475,5.1792114695340485,-5.035842293906809
2015-11,-3.537037037037037,-7.987962962962963,4.450925925925926,4.592592592592592,-8.12962962962963
2015-12,-10.564516129032258,-13.147401433691755,2.582885304659497,2.2043010752688175,-12.768817204301076
2016-01,-17.8494623655914,-16.153424930306652,-1.6960374352847474,-10.232974910394269,-7.616487455197131
2016-02,-7.547892720306512,-16.21924983275558,8.671357112449067,-0.4406130268199228,-7.107279693486589
2016-03,-5.179211469534051,-11.184289127837514,6.005077658303463,0.0716845878136219,-5.250896057347673
2016-04,0.2777777777777778,-4.104938271604938,4.382716049382716,4.648148148148148,-4.37037037037037
2016-05,7.114695340501791,3.3213859020310625,3.793309438470729,13.85304659498208,-6.738351254480289
2016-06,11.064814814814813,10.246101364522417,0.8187134502923961,15.370370370370368,-4.305555555555555
2016-07,15.788530465949822,12.944727409922656,2.8438030560271663,17.419354838709676,-1.6308243727598537
2016-08,11.326164874551973,10.635752688172044,0.6904121863799286,15.896057347670247,-4.569892473118275
2016-09,7.796296296296295,5.1194444444444445,2.6768518518518505,12.444444444444445,-4.64814814814815
2016-10,1.1379928315412178,-1.9184587813620073,3.056451612903225,4.498207885304658,-3.36021505376344
2016-11,-6.851851851851851,-7.987962962962963,1.136111111111112,-0.5363984674329497,-6.315453384418902
2016-12,-10.367383512544803,-13.147401433691755,2.7800179211469516,-0.78853046594982,-9.578853046594983
2017-01,-11.908602150537636,-16.153424930306652,4.244822779769017,-2.8888888888888884,-9.019713261648747
2017-02,-11.617063492063492,-16.21924983275558,4.6021863406920875,-3.194444444444444,-8.422619047619047
2017-03,-8.222222222222223,-11.184289127837514,2.9620669056152913,0.6989247311827955,-8.92114695340502
2017-04,-4.657407407407407,-4.104938271604938,-0.5524691358024691,2.2407407407407396,-6.898148148148147
2017-05,0.9050179211469553,3.3213859020310625,-2.4163679808841074,9.462365591397848,-8.557347670250893
2017-06,7.777777777777778,10.246101364522417,-2.4683235867446394,13.499999999999998,-5.7222222222222205
2017-07,14.005376344086022,12.944727409922656,1.0606489341633658,15.7168458781362,-1.7114695340501775
2017-08,10.851254480286737,10.635752688172044,0.21550179211469356,15.7168458781362,-4.865591397849462
2017-09,6.046296296296296,5.1194444444444445,0.9268518518518514,11.296296296296298,-5.250000000000002
2017-10,-0.0537634408602155,-1.9184587813620073,1.8646953405017919,9.027777777777777,-9.081541218637993
